--
-- PostgreSQL database dump
--

-- Dumped from database version 13.18 (Debian 13.18-1.pgdg120+1)
-- Dumped by pg_dump version 13.18 (Debian 13.18-1.pgdg120+1)

SET statement_timeout = 0;
SET lock_timeout = 0;
SET idle_in_transaction_session_timeout = 0;
SET client_encoding = 'UTF8';
SET standard_conforming_strings = on;
SELECT pg_catalog.set_config('search_path', '', false);
SET check_function_bodies = false;
SET xmloption = content;
SET client_min_messages = warning;
SET row_security = off;

SET default_tablespace = '';

SET default_table_access_method = heap;

--
-- Name: auth_group; Type: TABLE; Schema: public; Owner: admin
--

CREATE TABLE public.auth_group (
    id integer NOT NULL,
    name character varying(150) NOT NULL
);


ALTER TABLE public.auth_group OWNER TO admin;

--
-- Name: auth_group_id_seq; Type: SEQUENCE; Schema: public; Owner: admin
--

ALTER TABLE public.auth_group ALTER COLUMN id ADD GENERATED BY DEFAULT AS IDENTITY (
    SEQUENCE NAME public.auth_group_id_seq
    START WITH 1
    INCREMENT BY 1
    NO MINVALUE
    NO MAXVALUE
    CACHE 1
);


--
-- Name: auth_group_permissions; Type: TABLE; Schema: public; Owner: admin
--

CREATE TABLE public.auth_group_permissions (
    id bigint NOT NULL,
    group_id integer NOT NULL,
    permission_id integer NOT NULL
);


ALTER TABLE public.auth_group_permissions OWNER TO admin;

--
-- Name: auth_group_permissions_id_seq; Type: SEQUENCE; Schema: public; Owner: admin
--

ALTER TABLE public.auth_group_permissions ALTER COLUMN id ADD GENERATED BY DEFAULT AS IDENTITY (
    SEQUENCE NAME public.auth_group_permissions_id_seq
    START WITH 1
    INCREMENT BY 1
    NO MINVALUE
    NO MAXVALUE
    CACHE 1
);


--
-- Name: auth_permission; Type: TABLE; Schema: public; Owner: admin
--

CREATE TABLE public.auth_permission (
    id integer NOT NULL,
    name character varying(255) NOT NULL,
    content_type_id integer NOT NULL,
    codename character varying(100) NOT NULL
);


ALTER TABLE public.auth_permission OWNER TO admin;

--
-- Name: auth_permission_id_seq; Type: SEQUENCE; Schema: public; Owner: admin
--

ALTER TABLE public.auth_permission ALTER COLUMN id ADD GENERATED BY DEFAULT AS IDENTITY (
    SEQUENCE NAME public.auth_permission_id_seq
    START WITH 1
    INCREMENT BY 1
    NO MINVALUE
    NO MAXVALUE
    CACHE 1
);


--
-- Name: auth_user; Type: TABLE; Schema: public; Owner: admin
--

CREATE TABLE public.auth_user (
    id integer NOT NULL,
    password character varying(128) NOT NULL,
    last_login timestamp with time zone,
    is_superuser boolean NOT NULL,
    username character varying(150) NOT NULL,
    first_name character varying(150) NOT NULL,
    last_name character varying(150) NOT NULL,
    email character varying(254) NOT NULL,
    is_staff boolean NOT NULL,
    is_active boolean NOT NULL,
    date_joined timestamp with time zone NOT NULL
);


ALTER TABLE public.auth_user OWNER TO admin;

--
-- Name: auth_user_groups; Type: TABLE; Schema: public; Owner: admin
--

CREATE TABLE public.auth_user_groups (
    id bigint NOT NULL,
    user_id integer NOT NULL,
    group_id integer NOT NULL
);


ALTER TABLE public.auth_user_groups OWNER TO admin;

--
-- Name: auth_user_groups_id_seq; Type: SEQUENCE; Schema: public; Owner: admin
--

ALTER TABLE public.auth_user_groups ALTER COLUMN id ADD GENERATED BY DEFAULT AS IDENTITY (
    SEQUENCE NAME public.auth_user_groups_id_seq
    START WITH 1
    INCREMENT BY 1
    NO MINVALUE
    NO MAXVALUE
    CACHE 1
);


--
-- Name: auth_user_id_seq; Type: SEQUENCE; Schema: public; Owner: admin
--

ALTER TABLE public.auth_user ALTER COLUMN id ADD GENERATED BY DEFAULT AS IDENTITY (
    SEQUENCE NAME public.auth_user_id_seq
    START WITH 1
    INCREMENT BY 1
    NO MINVALUE
    NO MAXVALUE
    CACHE 1
);


--
-- Name: auth_user_user_permissions; Type: TABLE; Schema: public; Owner: admin
--

CREATE TABLE public.auth_user_user_permissions (
    id bigint NOT NULL,
    user_id integer NOT NULL,
    permission_id integer NOT NULL
);


ALTER TABLE public.auth_user_user_permissions OWNER TO admin;

--
-- Name: auth_user_user_permissions_id_seq; Type: SEQUENCE; Schema: public; Owner: admin
--

ALTER TABLE public.auth_user_user_permissions ALTER COLUMN id ADD GENERATED BY DEFAULT AS IDENTITY (
    SEQUENCE NAME public.auth_user_user_permissions_id_seq
    START WITH 1
    INCREMENT BY 1
    NO MINVALUE
    NO MAXVALUE
    CACHE 1
);


--
-- Name: django_admin_log; Type: TABLE; Schema: public; Owner: admin
--

CREATE TABLE public.django_admin_log (
    id integer NOT NULL,
    action_time timestamp with time zone NOT NULL,
    object_id text,
    object_repr character varying(200) NOT NULL,
    action_flag smallint NOT NULL,
    change_message text NOT NULL,
    content_type_id integer,
    user_id integer NOT NULL,
    CONSTRAINT django_admin_log_action_flag_check CHECK ((action_flag >= 0))
);


ALTER TABLE public.django_admin_log OWNER TO admin;

--
-- Name: django_admin_log_id_seq; Type: SEQUENCE; Schema: public; Owner: admin
--

ALTER TABLE public.django_admin_log ALTER COLUMN id ADD GENERATED BY DEFAULT AS IDENTITY (
    SEQUENCE NAME public.django_admin_log_id_seq
    START WITH 1
    INCREMENT BY 1
    NO MINVALUE
    NO MAXVALUE
    CACHE 1
);


--
-- Name: django_content_type; Type: TABLE; Schema: public; Owner: admin
--

CREATE TABLE public.django_content_type (
    id integer NOT NULL,
    app_label character varying(100) NOT NULL,
    model character varying(100) NOT NULL
);


ALTER TABLE public.django_content_type OWNER TO admin;

--
-- Name: django_content_type_id_seq; Type: SEQUENCE; Schema: public; Owner: admin
--

ALTER TABLE public.django_content_type ALTER COLUMN id ADD GENERATED BY DEFAULT AS IDENTITY (
    SEQUENCE NAME public.django_content_type_id_seq
    START WITH 1
    INCREMENT BY 1
    NO MINVALUE
    NO MAXVALUE
    CACHE 1
);


--
-- Name: django_migrations; Type: TABLE; Schema: public; Owner: admin
--

CREATE TABLE public.django_migrations (
    id bigint NOT NULL,
    app character varying(255) NOT NULL,
    name character varying(255) NOT NULL,
    applied timestamp with time zone NOT NULL
);


ALTER TABLE public.django_migrations OWNER TO admin;

--
-- Name: django_migrations_id_seq; Type: SEQUENCE; Schema: public; Owner: admin
--

ALTER TABLE public.django_migrations ALTER COLUMN id ADD GENERATED BY DEFAULT AS IDENTITY (
    SEQUENCE NAME public.django_migrations_id_seq
    START WITH 1
    INCREMENT BY 1
    NO MINVALUE
    NO MAXVALUE
    CACHE 1
);


--
-- Name: django_session; Type: TABLE; Schema: public; Owner: admin
--

CREATE TABLE public.django_session (
    session_key character varying(40) NOT NULL,
    session_data text NOT NULL,
    expire_date timestamp with time zone NOT NULL
);


ALTER TABLE public.django_session OWNER TO admin;

--
-- Name: fuel_calc_car; Type: TABLE; Schema: public; Owner: admin
--

CREATE TABLE public.fuel_calc_car (
    id bigint NOT NULL,
    name character varying(200) NOT NULL,
    fuel_consumption double precision NOT NULL,
    engine_type character varying(100) NOT NULL,
    tank_capacity double precision NOT NULL,
    manufacturer character varying(100) NOT NULL,
    year integer NOT NULL,
    image character varying(100)
);


ALTER TABLE public.fuel_calc_car OWNER TO admin;

--
-- Name: fuel_calc_car_id_seq; Type: SEQUENCE; Schema: public; Owner: admin
--

ALTER TABLE public.fuel_calc_car ALTER COLUMN id ADD GENERATED BY DEFAULT AS IDENTITY (
    SEQUENCE NAME public.fuel_calc_car_id_seq
    START WITH 1
    INCREMENT BY 1
    NO MINVALUE
    NO MAXVALUE
    CACHE 1
);


--
-- Name: fuel_calc_fueltype; Type: TABLE; Schema: public; Owner: admin
--

CREATE TABLE public.fuel_calc_fueltype (
    id bigint NOT NULL,
    name character varying(50) NOT NULL
);


ALTER TABLE public.fuel_calc_fueltype OWNER TO admin;

--
-- Name: fuel_calc_fueltype_id_seq; Type: SEQUENCE; Schema: public; Owner: admin
--

ALTER TABLE public.fuel_calc_fueltype ALTER COLUMN id ADD GENERATED BY DEFAULT AS IDENTITY (
    SEQUENCE NAME public.fuel_calc_fueltype_id_seq
    START WITH 1
    INCREMENT BY 1
    NO MINVALUE
    NO MAXVALUE
    CACHE 1
);


--
-- Name: fuel_calc_trip; Type: TABLE; Schema: public; Owner: admin
--

CREATE TABLE public.fuel_calc_trip (
    id bigint NOT NULL,
    distance double precision NOT NULL,
    fuel_price double precision NOT NULL,
    date timestamp with time zone NOT NULL,
    car_id bigint NOT NULL
);


ALTER TABLE public.fuel_calc_trip OWNER TO admin;

--
-- Name: fuel_calc_trip_id_seq; Type: SEQUENCE; Schema: public; Owner: admin
--

ALTER TABLE public.fuel_calc_trip ALTER COLUMN id ADD GENERATED BY DEFAULT AS IDENTITY (
    SEQUENCE NAME public.fuel_calc_trip_id_seq
    START WITH 1
    INCREMENT BY 1
    NO MINVALUE
    NO MAXVALUE
    CACHE 1
);


--
-- Name: fuel_calc_user; Type: TABLE; Schema: public; Owner: admin
--

CREATE TABLE public.fuel_calc_user (
    id bigint NOT NULL,
    password character varying(128) NOT NULL,
    last_login timestamp with time zone,
    is_superuser boolean NOT NULL,
    username character varying(150) NOT NULL,
    first_name character varying(150) NOT NULL,
    last_name character varying(150) NOT NULL,
    is_staff boolean NOT NULL,
    is_active boolean NOT NULL,
    date_joined timestamp with time zone NOT NULL,
    email character varying(254) NOT NULL
);


ALTER TABLE public.fuel_calc_user OWNER TO admin;

--
-- Name: fuel_calc_user_groups; Type: TABLE; Schema: public; Owner: admin
--

CREATE TABLE public.fuel_calc_user_groups (
    id bigint NOT NULL,
    user_id bigint NOT NULL,
    group_id integer NOT NULL
);


ALTER TABLE public.fuel_calc_user_groups OWNER TO admin;

--
-- Name: fuel_calc_user_groups_id_seq; Type: SEQUENCE; Schema: public; Owner: admin
--

ALTER TABLE public.fuel_calc_user_groups ALTER COLUMN id ADD GENERATED BY DEFAULT AS IDENTITY (
    SEQUENCE NAME public.fuel_calc_user_groups_id_seq
    START WITH 1
    INCREMENT BY 1
    NO MINVALUE
    NO MAXVALUE
    CACHE 1
);


--
-- Name: fuel_calc_user_id_seq; Type: SEQUENCE; Schema: public; Owner: admin
--

ALTER TABLE public.fuel_calc_user ALTER COLUMN id ADD GENERATED BY DEFAULT AS IDENTITY (
    SEQUENCE NAME public.fuel_calc_user_id_seq
    START WITH 1
    INCREMENT BY 1
    NO MINVALUE
    NO MAXVALUE
    CACHE 1
);


--
-- Name: fuel_calc_user_user_permissions; Type: TABLE; Schema: public; Owner: admin
--

CREATE TABLE public.fuel_calc_user_user_permissions (
    id bigint NOT NULL,
    user_id bigint NOT NULL,
    permission_id integer NOT NULL
);


ALTER TABLE public.fuel_calc_user_user_permissions OWNER TO admin;

--
-- Name: fuel_calc_user_user_permissions_id_seq; Type: SEQUENCE; Schema: public; Owner: admin
--

ALTER TABLE public.fuel_calc_user_user_permissions ALTER COLUMN id ADD GENERATED BY DEFAULT AS IDENTITY (
    SEQUENCE NAME public.fuel_calc_user_user_permissions_id_seq
    START WITH 1
    INCREMENT BY 1
    NO MINVALUE
    NO MAXVALUE
    CACHE 1
);


--
-- Data for Name: auth_group; Type: TABLE DATA; Schema: public; Owner: admin
--

COPY public.auth_group (id, name) FROM stdin;
\.


--
-- Data for Name: auth_group_permissions; Type: TABLE DATA; Schema: public; Owner: admin
--

COPY public.auth_group_permissions (id, group_id, permission_id) FROM stdin;
\.


--
-- Data for Name: auth_permission; Type: TABLE DATA; Schema: public; Owner: admin
--

COPY public.auth_permission (id, name, content_type_id, codename) FROM stdin;
1	Can add log entry	1	add_logentry
2	Can change log entry	1	change_logentry
3	Can delete log entry	1	delete_logentry
4	Can view log entry	1	view_logentry
5	Can add permission	2	add_permission
6	Can change permission	2	change_permission
7	Can delete permission	2	delete_permission
8	Can view permission	2	view_permission
9	Can add group	3	add_group
10	Can change group	3	change_group
11	Can delete group	3	delete_group
12	Can view group	3	view_group
13	Can add user	4	add_user
14	Can change user	4	change_user
15	Can delete user	4	delete_user
16	Can view user	4	view_user
17	Can add content type	5	add_contenttype
18	Can change content type	5	change_contenttype
19	Can delete content type	5	delete_contenttype
20	Can view content type	5	view_contenttype
21	Can add session	6	add_session
22	Can change session	6	change_session
23	Can delete session	6	delete_session
24	Can view session	6	view_session
25	Can add user	7	add_user
26	Can change user	7	change_user
27	Can delete user	7	delete_user
28	Can view user	7	view_user
29	Can add car	8	add_car
30	Can change car	8	change_car
31	Can delete car	8	delete_car
32	Can view car	8	view_car
33	Can add fuel type	9	add_fueltype
34	Can change fuel type	9	change_fueltype
35	Can delete fuel type	9	delete_fueltype
36	Can view fuel type	9	view_fueltype
37	Can add trip	10	add_trip
38	Can change trip	10	change_trip
39	Can delete trip	10	delete_trip
40	Can view trip	10	view_trip
\.


--
-- Data for Name: auth_user; Type: TABLE DATA; Schema: public; Owner: admin
--

COPY public.auth_user (id, password, last_login, is_superuser, username, first_name, last_name, email, is_staff, is_active, date_joined) FROM stdin;
2	pbkdf2_sha256$600000$xei3K7FMsnPl7pjtA3OacE$XvlZJjC5vVhLyBG5Wz0vxtlNzynQUN0Mb+qShgxxKRk=	2025-02-25 21:53:59.404181+00	f	valera			valera@mail.ru	f	t	2025-02-25 21:53:58.91159+00
1	pbkdf2_sha256$600000$PsaaSW5DS8KYUzT9yRQoly$63/dvntJn1DeKPS4Dc+2A+BLZDOU2t4h7dwOpBcHtAM=	2025-02-25 21:54:25.919947+00	t	ogsneaky				t	t	2025-02-25 21:49:10.981713+00
\.


--
-- Data for Name: auth_user_groups; Type: TABLE DATA; Schema: public; Owner: admin
--

COPY public.auth_user_groups (id, user_id, group_id) FROM stdin;
\.


--
-- Data for Name: auth_user_user_permissions; Type: TABLE DATA; Schema: public; Owner: admin
--

COPY public.auth_user_user_permissions (id, user_id, permission_id) FROM stdin;
\.


--
-- Data for Name: django_admin_log; Type: TABLE DATA; Schema: public; Owner: admin
--

COPY public.django_admin_log (id, action_time, object_id, object_repr, action_flag, change_message, content_type_id, user_id) FROM stdin;
1	2025-02-26 20:46:11.559408+00	15	Toyota Corolla	2	[{"changed": {"fields": ["Image"]}}]	8	1
2	2025-02-26 21:01:05.029842+00	15	Toyota Corolla	2	[{"changed": {"fields": ["Image"]}}]	8	1
3	2025-02-26 21:01:14.04596+00	14	Volkswagen Tuareg	2	[{"changed": {"fields": ["Image"]}}]	8	1
4	2025-02-26 21:01:19.985235+00	14	Volkswagen Tuareg	2	[]	8	1
5	2025-02-26 21:01:28.586735+00	13	BMW X5	2	[{"changed": {"fields": ["Image"]}}]	8	1
6	2025-02-26 21:01:37.130128+00	12	BMW M5 F90	2	[{"changed": {"fields": ["Image"]}}]	8	1
7	2025-02-26 21:01:45.539914+00	11	Opel Astra	2	[{"changed": {"fields": ["Image"]}}]	8	1
8	2025-02-26 21:01:56.14093+00	10	Kia Ceed	2	[{"changed": {"fields": ["Image"]}}]	8	1
9	2025-02-26 21:02:01.079067+00	11	Opel Astra	2	[]	8	1
10	2025-02-26 21:02:09.291758+00	9	Mitsubishi Lancer	2	[{"changed": {"fields": ["Image"]}}]	8	1
11	2025-02-26 21:02:17.819753+00	8	Mazda 6	2	[{"changed": {"fields": ["Image"]}}]	8	1
12	2025-02-26 21:02:26.991584+00	7	Hyundai Solaris	2	[{"changed": {"fields": ["Image"]}}]	8	1
13	2025-02-26 21:02:38.022438+00	6	Kia Rio	2	[{"changed": {"fields": ["Image"]}}]	8	1
14	2025-02-26 21:02:48.651034+00	4	Lada Granta	2	[{"changed": {"fields": ["Image"]}}]	8	1
15	2025-02-26 21:02:59.342445+00	3	Жигули	2	[{"changed": {"fields": ["Image"]}}]	8	1
16	2025-02-26 21:03:07.764149+00	2	Lada Priora	2	[{"changed": {"fields": ["Image"]}}]	8	1
17	2025-02-26 21:03:15.298233+00	1	Lada Vesta	2	[{"changed": {"fields": ["Image"]}}]	8	1
\.


--
-- Data for Name: django_content_type; Type: TABLE DATA; Schema: public; Owner: admin
--

COPY public.django_content_type (id, app_label, model) FROM stdin;
1	admin	logentry
2	auth	permission
3	auth	group
4	auth	user
5	contenttypes	contenttype
6	sessions	session
7	fuel_calc	user
8	fuel_calc	car
9	fuel_calc	fueltype
10	fuel_calc	trip
\.


--
-- Data for Name: django_migrations; Type: TABLE DATA; Schema: public; Owner: admin
--

COPY public.django_migrations (id, app, name, applied) FROM stdin;
1	contenttypes	0001_initial	2025-02-25 21:44:02.152101+00
2	auth	0001_initial	2025-02-25 21:44:02.268803+00
3	admin	0001_initial	2025-02-25 21:44:02.309221+00
4	admin	0002_logentry_remove_auto_add	2025-02-25 21:44:02.323802+00
5	admin	0003_logentry_add_action_flag_choices	2025-02-25 21:44:02.342324+00
6	contenttypes	0002_remove_content_type_name	2025-02-25 21:44:02.378339+00
7	auth	0002_alter_permission_name_max_length	2025-02-25 21:44:02.393901+00
8	auth	0003_alter_user_email_max_length	2025-02-25 21:44:02.412396+00
9	auth	0004_alter_user_username_opts	2025-02-25 21:44:02.426508+00
10	auth	0005_alter_user_last_login_null	2025-02-25 21:44:02.440895+00
11	auth	0006_require_contenttypes_0002	2025-02-25 21:44:02.444798+00
12	auth	0007_alter_validators_add_error_messages	2025-02-25 21:44:02.458378+00
13	auth	0008_alter_user_username_max_length	2025-02-25 21:44:02.486318+00
14	auth	0009_alter_user_last_name_max_length	2025-02-25 21:44:02.502517+00
15	auth	0010_alter_group_name_max_length	2025-02-25 21:44:02.518448+00
16	auth	0011_update_proxy_permissions	2025-02-25 21:44:02.53554+00
17	auth	0012_alter_user_first_name_max_length	2025-02-25 21:44:02.548114+00
18	sessions	0001_initial	2025-02-25 21:44:02.567673+00
19	fuel_calc	0001_initial	2025-02-25 21:47:37.015569+00
20	fuel_calc	0002_fueltype	2025-02-26 09:24:30.389308+00
21	fuel_calc	0003_trip	2025-02-26 19:21:09.811115+00
22	fuel_calc	0004_car_image	2025-02-26 20:27:18.113396+00
\.


--
-- Data for Name: django_session; Type: TABLE DATA; Schema: public; Owner: admin
--

COPY public.django_session (session_key, session_data, expire_date) FROM stdin;
mjw540znj6tv92jfgvt7jpb077zv3b3t	.eJxVjDsOwjAQBe_iGllex19Kes5g7a4dHECOFCcV4u4QKQW0b2beSyTc1pq2XpY0ZXEWIE6_GyE_SttBvmO7zZLnti4TyV2RB-3yOufyvBzu30HFXr-1U-CLtQNhZudzUIWMHq0zNmqjCYfIDCFDKKBUQHTkmWC00ZBDUEG8P9bgN5I:1tn2sj:8WE_OXtPTRCL0MkbOT2Qdn1fQgLfYjBhPvTXbgHZhEc	2025-03-11 21:54:25.923358+00
\.


--
-- Data for Name: fuel_calc_car; Type: TABLE DATA; Schema: public; Owner: admin
--

COPY public.fuel_calc_car (id, name, fuel_consumption, engine_type, tank_capacity, manufacturer, year, image) FROM stdin;
15	Toyota Corolla	6.3	Бензиновый	50	Toyota	2021	car_images/id_15.jpeg
14	Volkswagen Tuareg	9	Бензиновый	75	Volkswagen	2021	car_images/id_14.jpeg
13	BMW X5	10	Бензиновый	85	BMW	2022	car_images/id_13.jpeg
12	BMW M5 F90	11.3	Бензиновый	68	BMW	2019	car_images/id_12.jpeg
10	Kia Ceed	6.1	Бензиновый	50	Kia	2020	car_images/id_10.jpeg
11	Opel Astra	5.7	Бензиновый	48	Opel	2018	car_images/id_11.jpeg
9	Mitsubishi Lancer	6.8	Бензиновый	50	Mitsubishi	2017	car_images/id_9.jpeg
8	Mazda 6	7.2	Бензиновый	62	Mazda	2019	car_images/id_8.jpeg
7	Hyundai Solaris	5.9	Бензиновый	50	Hyundai	2021	car_images/id_7.jpeg
6	Kia Rio	6	Бензиновый	50	Kia	2018	car_images/id_6.jpeg
4	Lada Granta	6.3	Бензиновый	50	Lada	2015	car_images/id_4.jpeg
3	Жигули	9.5	Бензиновый	40	Жигули	1985	car_images/id_3.jpeg
2	Lada Priora	8	Бензиновый	50	Lada	2012	car_images/id_2.jpeg
1	Lada Vesta	6.7	Бензиновый	55	Lada	2018	car_images/id_1_E17IG7q.jpeg
\.


--
-- Data for Name: fuel_calc_fueltype; Type: TABLE DATA; Schema: public; Owner: admin
--

COPY public.fuel_calc_fueltype (id, name) FROM stdin;
1	Дизель
3	92
2	Бензин
\.


--
-- Data for Name: fuel_calc_trip; Type: TABLE DATA; Schema: public; Owner: admin
--

COPY public.fuel_calc_trip (id, distance, fuel_price, date, car_id) FROM stdin;
\.


--
-- Data for Name: fuel_calc_user; Type: TABLE DATA; Schema: public; Owner: admin
--

COPY public.fuel_calc_user (id, password, last_login, is_superuser, username, first_name, last_name, is_staff, is_active, date_joined, email) FROM stdin;
\.


--
-- Data for Name: fuel_calc_user_groups; Type: TABLE DATA; Schema: public; Owner: admin
--

COPY public.fuel_calc_user_groups (id, user_id, group_id) FROM stdin;
\.


--
-- Data for Name: fuel_calc_user_user_permissions; Type: TABLE DATA; Schema: public; Owner: admin
--

COPY public.fuel_calc_user_user_permissions (id, user_id, permission_id) FROM stdin;
\.


--
-- Name: auth_group_id_seq; Type: SEQUENCE SET; Schema: public; Owner: admin
--

SELECT pg_catalog.setval('public.auth_group_id_seq', 1, false);


--
-- Name: auth_group_permissions_id_seq; Type: SEQUENCE SET; Schema: public; Owner: admin
--

SELECT pg_catalog.setval('public.auth_group_permissions_id_seq', 1, false);


--
-- Name: auth_permission_id_seq; Type: SEQUENCE SET; Schema: public; Owner: admin
--

SELECT pg_catalog.setval('public.auth_permission_id_seq', 40, true);


--
-- Name: auth_user_groups_id_seq; Type: SEQUENCE SET; Schema: public; Owner: admin
--

SELECT pg_catalog.setval('public.auth_user_groups_id_seq', 1, false);


--
-- Name: auth_user_id_seq; Type: SEQUENCE SET; Schema: public; Owner: admin
--

SELECT pg_catalog.setval('public.auth_user_id_seq', 2, true);


--
-- Name: auth_user_user_permissions_id_seq; Type: SEQUENCE SET; Schema: public; Owner: admin
--

SELECT pg_catalog.setval('public.auth_user_user_permissions_id_seq', 1, false);


--
-- Name: django_admin_log_id_seq; Type: SEQUENCE SET; Schema: public; Owner: admin
--

SELECT pg_catalog.setval('public.django_admin_log_id_seq', 17, true);


--
-- Name: django_content_type_id_seq; Type: SEQUENCE SET; Schema: public; Owner: admin
--

SELECT pg_catalog.setval('public.django_content_type_id_seq', 10, true);


--
-- Name: django_migrations_id_seq; Type: SEQUENCE SET; Schema: public; Owner: admin
--

SELECT pg_catalog.setval('public.django_migrations_id_seq', 22, true);


--
-- Name: fuel_calc_car_id_seq; Type: SEQUENCE SET; Schema: public; Owner: admin
--

SELECT pg_catalog.setval('public.fuel_calc_car_id_seq', 15, true);


--
-- Name: fuel_calc_fueltype_id_seq; Type: SEQUENCE SET; Schema: public; Owner: admin
--

SELECT pg_catalog.setval('public.fuel_calc_fueltype_id_seq', 3, true);


--
-- Name: fuel_calc_trip_id_seq; Type: SEQUENCE SET; Schema: public; Owner: admin
--

SELECT pg_catalog.setval('public.fuel_calc_trip_id_seq', 1, false);


--
-- Name: fuel_calc_user_groups_id_seq; Type: SEQUENCE SET; Schema: public; Owner: admin
--

SELECT pg_catalog.setval('public.fuel_calc_user_groups_id_seq', 1, false);


--
-- Name: fuel_calc_user_id_seq; Type: SEQUENCE SET; Schema: public; Owner: admin
--

SELECT pg_catalog.setval('public.fuel_calc_user_id_seq', 1, false);


--
-- Name: fuel_calc_user_user_permissions_id_seq; Type: SEQUENCE SET; Schema: public; Owner: admin
--

SELECT pg_catalog.setval('public.fuel_calc_user_user_permissions_id_seq', 1, false);


--
-- Name: auth_group auth_group_name_key; Type: CONSTRAINT; Schema: public; Owner: admin
--

ALTER TABLE ONLY public.auth_group
    ADD CONSTRAINT auth_group_name_key UNIQUE (name);


--
-- Name: auth_group_permissions auth_group_permissions_group_id_permission_id_0cd325b0_uniq; Type: CONSTRAINT; Schema: public; Owner: admin
--

ALTER TABLE ONLY public.auth_group_permissions
    ADD CONSTRAINT auth_group_permissions_group_id_permission_id_0cd325b0_uniq UNIQUE (group_id, permission_id);


--
-- Name: auth_group_permissions auth_group_permissions_pkey; Type: CONSTRAINT; Schema: public; Owner: admin
--

ALTER TABLE ONLY public.auth_group_permissions
    ADD CONSTRAINT auth_group_permissions_pkey PRIMARY KEY (id);


--
-- Name: auth_group auth_group_pkey; Type: CONSTRAINT; Schema: public; Owner: admin
--

ALTER TABLE ONLY public.auth_group
    ADD CONSTRAINT auth_group_pkey PRIMARY KEY (id);


--
-- Name: auth_permission auth_permission_content_type_id_codename_01ab375a_uniq; Type: CONSTRAINT; Schema: public; Owner: admin
--

ALTER TABLE ONLY public.auth_permission
    ADD CONSTRAINT auth_permission_content_type_id_codename_01ab375a_uniq UNIQUE (content_type_id, codename);


--
-- Name: auth_permission auth_permission_pkey; Type: CONSTRAINT; Schema: public; Owner: admin
--

ALTER TABLE ONLY public.auth_permission
    ADD CONSTRAINT auth_permission_pkey PRIMARY KEY (id);


--
-- Name: auth_user_groups auth_user_groups_pkey; Type: CONSTRAINT; Schema: public; Owner: admin
--

ALTER TABLE ONLY public.auth_user_groups
    ADD CONSTRAINT auth_user_groups_pkey PRIMARY KEY (id);


--
-- Name: auth_user_groups auth_user_groups_user_id_group_id_94350c0c_uniq; Type: CONSTRAINT; Schema: public; Owner: admin
--

ALTER TABLE ONLY public.auth_user_groups
    ADD CONSTRAINT auth_user_groups_user_id_group_id_94350c0c_uniq UNIQUE (user_id, group_id);


--
-- Name: auth_user auth_user_pkey; Type: CONSTRAINT; Schema: public; Owner: admin
--

ALTER TABLE ONLY public.auth_user
    ADD CONSTRAINT auth_user_pkey PRIMARY KEY (id);


--
-- Name: auth_user_user_permissions auth_user_user_permissions_pkey; Type: CONSTRAINT; Schema: public; Owner: admin
--

ALTER TABLE ONLY public.auth_user_user_permissions
    ADD CONSTRAINT auth_user_user_permissions_pkey PRIMARY KEY (id);


--
-- Name: auth_user_user_permissions auth_user_user_permissions_user_id_permission_id_14a6b632_uniq; Type: CONSTRAINT; Schema: public; Owner: admin
--

ALTER TABLE ONLY public.auth_user_user_permissions
    ADD CONSTRAINT auth_user_user_permissions_user_id_permission_id_14a6b632_uniq UNIQUE (user_id, permission_id);


--
-- Name: auth_user auth_user_username_key; Type: CONSTRAINT; Schema: public; Owner: admin
--

ALTER TABLE ONLY public.auth_user
    ADD CONSTRAINT auth_user_username_key UNIQUE (username);


--
-- Name: django_admin_log django_admin_log_pkey; Type: CONSTRAINT; Schema: public; Owner: admin
--

ALTER TABLE ONLY public.django_admin_log
    ADD CONSTRAINT django_admin_log_pkey PRIMARY KEY (id);


--
-- Name: django_content_type django_content_type_app_label_model_76bd3d3b_uniq; Type: CONSTRAINT; Schema: public; Owner: admin
--

ALTER TABLE ONLY public.django_content_type
    ADD CONSTRAINT django_content_type_app_label_model_76bd3d3b_uniq UNIQUE (app_label, model);


--
-- Name: django_content_type django_content_type_pkey; Type: CONSTRAINT; Schema: public; Owner: admin
--

ALTER TABLE ONLY public.django_content_type
    ADD CONSTRAINT django_content_type_pkey PRIMARY KEY (id);


--
-- Name: django_migrations django_migrations_pkey; Type: CONSTRAINT; Schema: public; Owner: admin
--

ALTER TABLE ONLY public.django_migrations
    ADD CONSTRAINT django_migrations_pkey PRIMARY KEY (id);


--
-- Name: django_session django_session_pkey; Type: CONSTRAINT; Schema: public; Owner: admin
--

ALTER TABLE ONLY public.django_session
    ADD CONSTRAINT django_session_pkey PRIMARY KEY (session_key);


--
-- Name: fuel_calc_car fuel_calc_car_pkey; Type: CONSTRAINT; Schema: public; Owner: admin
--

ALTER TABLE ONLY public.fuel_calc_car
    ADD CONSTRAINT fuel_calc_car_pkey PRIMARY KEY (id);


--
-- Name: fuel_calc_fueltype fuel_calc_fueltype_name_key; Type: CONSTRAINT; Schema: public; Owner: admin
--

ALTER TABLE ONLY public.fuel_calc_fueltype
    ADD CONSTRAINT fuel_calc_fueltype_name_key UNIQUE (name);


--
-- Name: fuel_calc_fueltype fuel_calc_fueltype_pkey; Type: CONSTRAINT; Schema: public; Owner: admin
--

ALTER TABLE ONLY public.fuel_calc_fueltype
    ADD CONSTRAINT fuel_calc_fueltype_pkey PRIMARY KEY (id);


--
-- Name: fuel_calc_trip fuel_calc_trip_pkey; Type: CONSTRAINT; Schema: public; Owner: admin
--

ALTER TABLE ONLY public.fuel_calc_trip
    ADD CONSTRAINT fuel_calc_trip_pkey PRIMARY KEY (id);


--
-- Name: fuel_calc_user fuel_calc_user_email_key; Type: CONSTRAINT; Schema: public; Owner: admin
--

ALTER TABLE ONLY public.fuel_calc_user
    ADD CONSTRAINT fuel_calc_user_email_key UNIQUE (email);


--
-- Name: fuel_calc_user_groups fuel_calc_user_groups_pkey; Type: CONSTRAINT; Schema: public; Owner: admin
--

ALTER TABLE ONLY public.fuel_calc_user_groups
    ADD CONSTRAINT fuel_calc_user_groups_pkey PRIMARY KEY (id);


--
-- Name: fuel_calc_user_groups fuel_calc_user_groups_user_id_group_id_91d416bb_uniq; Type: CONSTRAINT; Schema: public; Owner: admin
--

ALTER TABLE ONLY public.fuel_calc_user_groups
    ADD CONSTRAINT fuel_calc_user_groups_user_id_group_id_91d416bb_uniq UNIQUE (user_id, group_id);


--
-- Name: fuel_calc_user fuel_calc_user_pkey; Type: CONSTRAINT; Schema: public; Owner: admin
--

ALTER TABLE ONLY public.fuel_calc_user
    ADD CONSTRAINT fuel_calc_user_pkey PRIMARY KEY (id);


--
-- Name: fuel_calc_user_user_permissions fuel_calc_user_user_perm_user_id_permission_id_9908ffde_uniq; Type: CONSTRAINT; Schema: public; Owner: admin
--

ALTER TABLE ONLY public.fuel_calc_user_user_permissions
    ADD CONSTRAINT fuel_calc_user_user_perm_user_id_permission_id_9908ffde_uniq UNIQUE (user_id, permission_id);


--
-- Name: fuel_calc_user_user_permissions fuel_calc_user_user_permissions_pkey; Type: CONSTRAINT; Schema: public; Owner: admin
--

ALTER TABLE ONLY public.fuel_calc_user_user_permissions
    ADD CONSTRAINT fuel_calc_user_user_permissions_pkey PRIMARY KEY (id);


--
-- Name: fuel_calc_user fuel_calc_user_username_key; Type: CONSTRAINT; Schema: public; Owner: admin
--

ALTER TABLE ONLY public.fuel_calc_user
    ADD CONSTRAINT fuel_calc_user_username_key UNIQUE (username);


--
-- Name: auth_group_name_a6ea08ec_like; Type: INDEX; Schema: public; Owner: admin
--

CREATE INDEX auth_group_name_a6ea08ec_like ON public.auth_group USING btree (name varchar_pattern_ops);


--
-- Name: auth_group_permissions_group_id_b120cbf9; Type: INDEX; Schema: public; Owner: admin
--

CREATE INDEX auth_group_permissions_group_id_b120cbf9 ON public.auth_group_permissions USING btree (group_id);


--
-- Name: auth_group_permissions_permission_id_84c5c92e; Type: INDEX; Schema: public; Owner: admin
--

CREATE INDEX auth_group_permissions_permission_id_84c5c92e ON public.auth_group_permissions USING btree (permission_id);


--
-- Name: auth_permission_content_type_id_2f476e4b; Type: INDEX; Schema: public; Owner: admin
--

CREATE INDEX auth_permission_content_type_id_2f476e4b ON public.auth_permission USING btree (content_type_id);


--
-- Name: auth_user_groups_group_id_97559544; Type: INDEX; Schema: public; Owner: admin
--

CREATE INDEX auth_user_groups_group_id_97559544 ON public.auth_user_groups USING btree (group_id);


--
-- Name: auth_user_groups_user_id_6a12ed8b; Type: INDEX; Schema: public; Owner: admin
--

CREATE INDEX auth_user_groups_user_id_6a12ed8b ON public.auth_user_groups USING btree (user_id);


--
-- Name: auth_user_user_permissions_permission_id_1fbb5f2c; Type: INDEX; Schema: public; Owner: admin
--

CREATE INDEX auth_user_user_permissions_permission_id_1fbb5f2c ON public.auth_user_user_permissions USING btree (permission_id);


--
-- Name: auth_user_user_permissions_user_id_a95ead1b; Type: INDEX; Schema: public; Owner: admin
--

CREATE INDEX auth_user_user_permissions_user_id_a95ead1b ON public.auth_user_user_permissions USING btree (user_id);


--
-- Name: auth_user_username_6821ab7c_like; Type: INDEX; Schema: public; Owner: admin
--

CREATE INDEX auth_user_username_6821ab7c_like ON public.auth_user USING btree (username varchar_pattern_ops);


--
-- Name: django_admin_log_content_type_id_c4bce8eb; Type: INDEX; Schema: public; Owner: admin
--

CREATE INDEX django_admin_log_content_type_id_c4bce8eb ON public.django_admin_log USING btree (content_type_id);


--
-- Name: django_admin_log_user_id_c564eba6; Type: INDEX; Schema: public; Owner: admin
--

CREATE INDEX django_admin_log_user_id_c564eba6 ON public.django_admin_log USING btree (user_id);


--
-- Name: django_session_expire_date_a5c62663; Type: INDEX; Schema: public; Owner: admin
--

CREATE INDEX django_session_expire_date_a5c62663 ON public.django_session USING btree (expire_date);


--
-- Name: django_session_session_key_c0390e0f_like; Type: INDEX; Schema: public; Owner: admin
--

CREATE INDEX django_session_session_key_c0390e0f_like ON public.django_session USING btree (session_key varchar_pattern_ops);


--
-- Name: fuel_calc_fueltype_name_df9f3854_like; Type: INDEX; Schema: public; Owner: admin
--

CREATE INDEX fuel_calc_fueltype_name_df9f3854_like ON public.fuel_calc_fueltype USING btree (name varchar_pattern_ops);


--
-- Name: fuel_calc_trip_car_id_61d2f2d1; Type: INDEX; Schema: public; Owner: admin
--

CREATE INDEX fuel_calc_trip_car_id_61d2f2d1 ON public.fuel_calc_trip USING btree (car_id);


--
-- Name: fuel_calc_user_email_8c29626f_like; Type: INDEX; Schema: public; Owner: admin
--

CREATE INDEX fuel_calc_user_email_8c29626f_like ON public.fuel_calc_user USING btree (email varchar_pattern_ops);


--
-- Name: fuel_calc_user_groups_group_id_002ab81c; Type: INDEX; Schema: public; Owner: admin
--

CREATE INDEX fuel_calc_user_groups_group_id_002ab81c ON public.fuel_calc_user_groups USING btree (group_id);


--
-- Name: fuel_calc_user_groups_user_id_e902caa7; Type: INDEX; Schema: public; Owner: admin
--

CREATE INDEX fuel_calc_user_groups_user_id_e902caa7 ON public.fuel_calc_user_groups USING btree (user_id);


--
-- Name: fuel_calc_user_user_permissions_permission_id_43cb8b56; Type: INDEX; Schema: public; Owner: admin
--

CREATE INDEX fuel_calc_user_user_permissions_permission_id_43cb8b56 ON public.fuel_calc_user_user_permissions USING btree (permission_id);


--
-- Name: fuel_calc_user_user_permissions_user_id_0ba29eaf; Type: INDEX; Schema: public; Owner: admin
--

CREATE INDEX fuel_calc_user_user_permissions_user_id_0ba29eaf ON public.fuel_calc_user_user_permissions USING btree (user_id);


--
-- Name: fuel_calc_user_username_4c783ac1_like; Type: INDEX; Schema: public; Owner: admin
--

CREATE INDEX fuel_calc_user_username_4c783ac1_like ON public.fuel_calc_user USING btree (username varchar_pattern_ops);


--
-- Name: auth_group_permissions auth_group_permissio_permission_id_84c5c92e_fk_auth_perm; Type: FK CONSTRAINT; Schema: public; Owner: admin
--

ALTER TABLE ONLY public.auth_group_permissions
    ADD CONSTRAINT auth_group_permissio_permission_id_84c5c92e_fk_auth_perm FOREIGN KEY (permission_id) REFERENCES public.auth_permission(id) DEFERRABLE INITIALLY DEFERRED;


--
-- Name: auth_group_permissions auth_group_permissions_group_id_b120cbf9_fk_auth_group_id; Type: FK CONSTRAINT; Schema: public; Owner: admin
--

ALTER TABLE ONLY public.auth_group_permissions
    ADD CONSTRAINT auth_group_permissions_group_id_b120cbf9_fk_auth_group_id FOREIGN KEY (group_id) REFERENCES public.auth_group(id) DEFERRABLE INITIALLY DEFERRED;


--
-- Name: auth_permission auth_permission_content_type_id_2f476e4b_fk_django_co; Type: FK CONSTRAINT; Schema: public; Owner: admin
--

ALTER TABLE ONLY public.auth_permission
    ADD CONSTRAINT auth_permission_content_type_id_2f476e4b_fk_django_co FOREIGN KEY (content_type_id) REFERENCES public.django_content_type(id) DEFERRABLE INITIALLY DEFERRED;


--
-- Name: auth_user_groups auth_user_groups_group_id_97559544_fk_auth_group_id; Type: FK CONSTRAINT; Schema: public; Owner: admin
--

ALTER TABLE ONLY public.auth_user_groups
    ADD CONSTRAINT auth_user_groups_group_id_97559544_fk_auth_group_id FOREIGN KEY (group_id) REFERENCES public.auth_group(id) DEFERRABLE INITIALLY DEFERRED;


--
-- Name: auth_user_groups auth_user_groups_user_id_6a12ed8b_fk_auth_user_id; Type: FK CONSTRAINT; Schema: public; Owner: admin
--

ALTER TABLE ONLY public.auth_user_groups
    ADD CONSTRAINT auth_user_groups_user_id_6a12ed8b_fk_auth_user_id FOREIGN KEY (user_id) REFERENCES public.auth_user(id) DEFERRABLE INITIALLY DEFERRED;


--
-- Name: auth_user_user_permissions auth_user_user_permi_permission_id_1fbb5f2c_fk_auth_perm; Type: FK CONSTRAINT; Schema: public; Owner: admin
--

ALTER TABLE ONLY public.auth_user_user_permissions
    ADD CONSTRAINT auth_user_user_permi_permission_id_1fbb5f2c_fk_auth_perm FOREIGN KEY (permission_id) REFERENCES public.auth_permission(id) DEFERRABLE INITIALLY DEFERRED;


--
-- Name: auth_user_user_permissions auth_user_user_permissions_user_id_a95ead1b_fk_auth_user_id; Type: FK CONSTRAINT; Schema: public; Owner: admin
--

ALTER TABLE ONLY public.auth_user_user_permissions
    ADD CONSTRAINT auth_user_user_permissions_user_id_a95ead1b_fk_auth_user_id FOREIGN KEY (user_id) REFERENCES public.auth_user(id) DEFERRABLE INITIALLY DEFERRED;


--
-- Name: django_admin_log django_admin_log_content_type_id_c4bce8eb_fk_django_co; Type: FK CONSTRAINT; Schema: public; Owner: admin
--

ALTER TABLE ONLY public.django_admin_log
    ADD CONSTRAINT django_admin_log_content_type_id_c4bce8eb_fk_django_co FOREIGN KEY (content_type_id) REFERENCES public.django_content_type(id) DEFERRABLE INITIALLY DEFERRED;


--
-- Name: django_admin_log django_admin_log_user_id_c564eba6_fk_auth_user_id; Type: FK CONSTRAINT; Schema: public; Owner: admin
--

ALTER TABLE ONLY public.django_admin_log
    ADD CONSTRAINT django_admin_log_user_id_c564eba6_fk_auth_user_id FOREIGN KEY (user_id) REFERENCES public.auth_user(id) DEFERRABLE INITIALLY DEFERRED;


--
-- Name: fuel_calc_trip fuel_calc_trip_car_id_61d2f2d1_fk_fuel_calc_car_id; Type: FK CONSTRAINT; Schema: public; Owner: admin
--

ALTER TABLE ONLY public.fuel_calc_trip
    ADD CONSTRAINT fuel_calc_trip_car_id_61d2f2d1_fk_fuel_calc_car_id FOREIGN KEY (car_id) REFERENCES public.fuel_calc_car(id) DEFERRABLE INITIALLY DEFERRED;


--
-- Name: fuel_calc_user_groups fuel_calc_user_groups_group_id_002ab81c_fk_auth_group_id; Type: FK CONSTRAINT; Schema: public; Owner: admin
--

ALTER TABLE ONLY public.fuel_calc_user_groups
    ADD CONSTRAINT fuel_calc_user_groups_group_id_002ab81c_fk_auth_group_id FOREIGN KEY (group_id) REFERENCES public.auth_group(id) DEFERRABLE INITIALLY DEFERRED;


--
-- Name: fuel_calc_user_groups fuel_calc_user_groups_user_id_e902caa7_fk_fuel_calc_user_id; Type: FK CONSTRAINT; Schema: public; Owner: admin
--

ALTER TABLE ONLY public.fuel_calc_user_groups
    ADD CONSTRAINT fuel_calc_user_groups_user_id_e902caa7_fk_fuel_calc_user_id FOREIGN KEY (user_id) REFERENCES public.fuel_calc_user(id) DEFERRABLE INITIALLY DEFERRED;


--
-- Name: fuel_calc_user_user_permissions fuel_calc_user_user__permission_id_43cb8b56_fk_auth_perm; Type: FK CONSTRAINT; Schema: public; Owner: admin
--

ALTER TABLE ONLY public.fuel_calc_user_user_permissions
    ADD CONSTRAINT fuel_calc_user_user__permission_id_43cb8b56_fk_auth_perm FOREIGN KEY (permission_id) REFERENCES public.auth_permission(id) DEFERRABLE INITIALLY DEFERRED;


--
-- Name: fuel_calc_user_user_permissions fuel_calc_user_user__user_id_0ba29eaf_fk_fuel_calc; Type: FK CONSTRAINT; Schema: public; Owner: admin
--

ALTER TABLE ONLY public.fuel_calc_user_user_permissions
    ADD CONSTRAINT fuel_calc_user_user__user_id_0ba29eaf_fk_fuel_calc FOREIGN KEY (user_id) REFERENCES public.fuel_calc_user(id) DEFERRABLE INITIALLY DEFERRED;


--
-- PostgreSQL database dump complete
--

